Population,NAME,White,Blk_AfAm,AmInd_AkNa,Asian,NatHaw_Pac,Other_Race,TwoOrMore,Hisp_Lat,PopOver18,Ovr18White,Ovr18Blk_A,Ovr18AmInd,Ovr18Asian,Ovr18Haw_P,Ovr18Other,Ovr18TwoOr,Ovr18HispL,Male,Female,AGE0_4,AGE5_11,AGE12_14,AGE15_17,AGE18_24,AGE25_34,AGE35_44,AGE45_64,AGE65ovr,Families,Married,Married18,MaleHH,MaleHH18,FemaleHH,FemaleHH18,Housing,Occupied,Occ_Own,Occ_Rent,Vacant,Vac_Rent,Vac_Sale,Vac_Other
5214,Census Tract 1510,94,5029,19,14,0,8,50,41,4040,90,3886,16,14,0,6,28,25,2402,2812,344,391,195,244,541,647,589,1497,766,1194,426,126,133,51,635,262,2339,1822,892,930,517,152,27,338
1137,Census Tract 807,22,1086,0,5,0,9,15,22,839,18,807,0,5,0,5,4,13,560,577,77,96,50,75,124,127,119,339,130,250,52,23,45,17,153,72,726,382,176,206,344,22,19,303
1704,Census Tract 805,12,1661,6,6,0,2,17,11,1249,11,1220,5,5,0,1,7,7,806,898,119,170,82,84,184,188,207,459,211,388,105,37,53,19,230,80,735,543,282,261,192,52,19,121
1543,Census Tract 1505,14,1486,3,2,0,10,28,6,1239,14,1196,3,2,0,5,19,5,669,874,99,104,40,61,147,188,168,433,303,371,110,26,50,10,211,85,757,679,281,398,78,21,6,51
2586,Census Tract 1903,781,1558,25,62,1,95,64,157,1896,627,1099,15,47,1,66,41,109,1305,1281,223,260,96,111,274,374,335,680,233,483,161,68,95,40,227,134,1376,863,269,594,513,68,52,393
4790,Census Tract 1201,3429,359,3,860,4,33,102,167,4349,3127,320,3,799,3,28,69,147,2300,2490,182,149,47,63,914,909,503,1124,899,943,823,221,29,8,91,31,3000,2736,1263,1473,264,122,24,118
2452,Census Tract 909,36,2362,2,7,1,6,38,27,1789,25,1730,2,2,1,5,24,19,1062,1390,191,234,108,130,283,268,255,681,302,547,101,33,69,21,377,189,1433,977,301,676,456,81,15,360
5192,Census Tract 1307,4337,451,16,219,2,53,114,167,4679,3925,417,15,197,2,44,79,129,2301,2891,205,195,53,60,337,1050,670,1070,1552,940,699,200,75,25,166,73,2895,2620,1266,1354,275,151,29,95
5237,Census Tract 1003,809,4365,5,8,2,41,7,71,5128,804,4263,5,7,2,41,6,70,5079,158,9,25,7,68,1208,1651,1099,1126,44,0,0,0,0,0,0,0,0,0,0,0,0,0,0,0
4101,Census Tract 2803.01,357,3639,11,19,0,30,45,77,3012,317,2622,7,12,0,23,31,52,1733,2368,341,435,149,164,480,711,493,973,355,957,304,128,99,56,554,357,2035,1877,244,1633,158,114,4,40
2748,Census Tract 1308.03,2074,337,7,216,0,48,66,113,2314,1783,260,6,182,0,35,48,84,1323,1425,141,158,77,58,251,671,425,669,298,634,419,149,50,28,165,84,1406,1327,787,540,79,39,17,23
3586,Census Tract 1306,3207,126,10,128,0,25,90,110,3117,2815,94,10,120,0,24,54,87,1776,1810,201,140,67,61,354,1090,547,815,311,734,497,143,95,39,142,56,1990,1735,1058,677,255,95,31,129
2126,Census Tract 1001,34,2050,7,3,0,11,21,21,1645,30,1580,5,1,0,10,19,17,965,1161,122,167,90,102,225,216,230,718,256,502,124,37,58,21,320,112,1113,869,376,493,244,27,28,189
3223,Census Tract 1101,1965,754,9,349,0,44,102,155,3070,1922,675,9,339,0,40,85,149,1624,1599,72,51,15,15,592,1332,447,547,152,288,209,46,25,8,54,24,2488,2127,322,1805,361,201,26,134
4420,Census Tract 2705.01,2842,1380,14,44,1,72,67,178,3512,2402,981,9,38,1,50,31,125,2140,2280,266,362,132,148,344,617,693,1271,587,1122,711,272,107,35,304,138,1900,1781,1480,301,119,32,32,55
1764,Census Tract 2703.02,759,914,4,27,0,17,43,40,1388,665,658,4,24,0,13,24,33,866,898,116,130,63,67,173,237,253,565,160,404,237,96,40,19,127,61,786,707,500,207,79,31,8,40
5412,Census Tract 2704.01,1560,3608,27,50,1,48,118,120,4071,1393,2532,17,39,1,32,57,86,2445,2967,362,500,226,253,479,782,777,1468,565,1301,670,281,122,64,509,280,2255,2057,1475,582,198,78,40,80
2476,Census Tract 1207,1449,646,8,219,0,63,91,113,2056,1284,461,6,197,0,46,62,91,1287,1189,124,155,71,70,395,616,327,534,184,467,233,77,71,27,163,71,1262,1081,524,557,181,72,32,77
6103,Census Tract 2712,5080,643,14,208,0,29,129,155,4636,3877,523,13,154,0,16,53,103,2956,3147,451,635,187,194,423,475,956,1944,838,1600,1384,681,57,28,159,87,2469,2328,1950,378,141,44,38,59
5072,Census Tract 1102,3017,1347,19,422,3,59,205,240,4975,2980,1311,16,417,3,59,189,233,2524,2548,54,19,5,19,1048,1752,531,829,815,446,312,32,47,12,87,21,4143,3574,328,3246,569,332,10,227
4132,Census Tract 2710.02,125,3898,22,8,0,13,66,48,3101,106,2916,18,8,0,11,42,34,1825,2307,286,402,153,190,405,488,512,1096,600,988,403,131,97,35,488,212,1803,1526,933,593,277,95,28,154
1586,Census Tract 904,161,1388,7,2,0,4,24,33,1177,148,1005,7,2,0,3,12,27,686,900,141,152,53,63,175,273,193,424,112,349,84,31,52,25,213,128,803,672,182,490,131,36,9,86
2267,Census Tract 2804.04,113,2107,9,7,0,5,26,19,1671,111,1524,6,6,0,5,19,14,961,1306,174,238,91,93,210,311,217,616,317,539,191,63,42,23,306,174,880,820,399,421,60,25,9,26
2804,Census Tract 2708.04,1324,1166,5,102,8,124,75,209,2297,1159,908,5,86,7,89,43,155,1289,1515,234,174,57,42,394,532,385,693,293,586,315,139,67,31,204,115,1550,1391,571,820,159,104,14,41
2830,Census Tract 2602.03,202,2517,8,47,0,1,55,29,2003,178,1750,7,34,0,1,33,17,1269,1561,248,313,119,147,344,373,330,698,258,734,294,110,50,18,390,223,1078,989,584,405,89,50,10,29
4203,Census Tract 903,838,3147,9,89,1,28,91,86,3368,762,2441,9,75,1,17,63,57,1866,2337,258,290,144,143,343,643,553,1126,703,925,433,141,73,39,419,178,2111,1895,1098,797,216,114,29,73
4763,Census Tract 2601.01,1619,2948,16,61,0,34,85,135,3622,1391,2114,11,48,0,20,38,88,2200,2563,341,432,159,209,419,710,697,1315,481,1139,604,251,112,53,423,221,2070,1895,1128,767,175,87,29,59
4911,Census Tract 2601.02,703,4023,12,29,0,28,116,103,3735,633,2981,7,27,0,20,67,71,2220,2691,311,411,228,226,526,551,627,1537,494,1271,676,237,102,40,493,215,1956,1790,1495,295,166,28,65,73
3073,Census Tract 908,40,2961,13,21,0,0,38,13,2302,32,2214,11,17,0,0,28,11,1423,1650,232,295,123,121,345,368,370,834,385,716,196,58,84,26,436,167,1586,1033,516,517,553,144,45,364
4051,Census Tract 2708.01,507,3391,8,49,1,30,65,86,3048,463,2470,4,44,1,22,44,63,1819,2232,263,383,163,194,398,575,557,1172,346,1060,486,216,107,44,467,227,1743,1627,1207,420,116,43,46,27
1313,Census Tract 1204,162,1074,6,12,0,28,31,60,1037,161,814,4,9,0,27,22,53,647,666,97,102,33,44,177,260,170,353,77,257,74,18,35,8,148,75,955,533,147,386,422,58,28,336
3243,Census Tract 902,505,2602,8,30,0,15,83,52,2561,451,2022,7,26,0,7,48,39,1573,1670,223,245,100,114,268,405,377,992,519,780,397,126,73,28,310,122,1279,1188,983,205,91,26,25,40
2957,Census Tract 701,153,2654,16,21,0,63,50,138,1967,127,1729,13,21,0,45,32,104,1344,1613,312,336,154,188,392,401,334,649,191,683,180,59,66,34,437,239,1098,863,338,525,235,123,14,98
2298,Census Tract 2710.01,67,2167,7,7,0,13,37,33,1700,58,1602,6,4,0,10,20,20,1039,1259,192,194,104,108,273,318,262,604,243,544,178,56,63,29,303,162,1051,875,399,476,176,90,14,72
2775,Census Tract 1302,313,2370,15,12,0,9,56,60,1985,292,1626,12,10,0,6,39,44,1274,1501,256,318,114,102,306,487,338,696,158,617,174,58,72,27,371,242,1573,1159,295,864,414,172,35,207
4974,Census Tract 1401,2807,1581,10,361,2,53,160,163,4593,2637,1435,9,341,2,46,123,139,2215,2759,139,152,49,41,1496,708,479,1070,840,613,439,125,48,22,126,54,2883,2589,693,1896,294,177,8,109
4605,Census Tract 2706,1782,2590,2,61,1,50,119,109,3575,1561,1871,2,56,1,33,51,79,2193,2412,286,394,167,183,390,614,683,1409,479,1157,696,240,102,46,359,177,1986,1832,1475,357,154,41,46,67
2583,Census Tract 2707.01,57,2436,11,7,0,18,54,59,1854,48,1752,9,5,0,13,27,38,1140,1443,276,271,85,97,404,479,313,551,107,628,138,60,80,49,410,273,1239,1149,5,1144,90,77,0,13
2613,Census Tract 1301,171,2356,15,8,0,4,59,38,2154,160,1925,12,8,0,4,45,29,1247,1366,148,175,68,68,230,374,325,928,297,500,142,42,76,29,282,138,1784,1405,227,1178,379,168,46,165
6268,Census Tract 2708.03,517,5513,4,122,0,22,90,111,5020,488,4337,4,114,0,19,58,83,2602,3666,356,479,194,219,664,938,721,1676,1021,1418,617,186,127,53,674,333,3051,2902,1146,1756,149,70,23,56
1426,Census Tract 2007.02,31,1352,2,4,0,7,30,14,1079,25,1026,2,4,0,7,15,13,609,817,86,136,60,65,150,164,135,411,219,357,110,25,36,8,211,72,588,502,343,159,86,17,13,56
4828,Census Tract 2802,167,4533,9,21,0,23,75,77,3772,146,3528,9,17,0,19,53,64,2227,2601,287,391,172,206,430,536,596,1393,817,1138,528,155,121,34,489,195,2038,1826,1150,676,212,65,25,122
2282,Census Tract 2803.02,91,2139,6,5,0,9,32,20,1740,83,1621,3,4,0,7,22,10,967,1315,176,209,79,78,256,318,281,596,289,598,197,73,49,21,352,193,1101,980,354,626,121,49,16,56
1955,Census Tract 1308.04,1687,129,7,66,1,10,55,59,1657,1459,85,7,54,1,8,43,46,965,990,105,110,41,42,171,542,288,466,190,419,257,74,52,22,110,51,999,898,546,352,101,45,19,37
2046,Census Tract 2711.01,1171,704,2,108,0,16,45,61,1727,1021,568,1,99,0,14,24,49,883,1163,93,141,45,40,384,210,272,549,312,341,220,90,21,10,100,50,997,927,474,453,70,36,10,24
4525,Census Tract 2711.02,3809,389,7,141,1,54,124,198,4138,3506,342,7,133,1,49,100,182,1814,2711,84,170,66,67,3202,106,203,441,186,370,316,168,18,6,36,21,555,488,451,37,67,5,7,55
4223,Census Tract 1508,65,4067,8,3,0,16,64,70,3288,61,3162,6,3,0,12,44,53,1958,2265,240,346,151,198,449,476,508,1286,569,960,350,99,117,52,493,202,2458,1686,684,1002,772,161,34,577
3148,Census Tract 2703.01,1055,1939,9,36,1,31,77,73,2472,909,1457,8,29,1,26,42,55,1451,1697,180,257,119,120,242,401,430,908,491,737,440,146,61,25,236,104,1301,1183,899,284,118,43,21,54
1602,Census Tract 1701,326,1193,6,30,0,4,43,42,1278,306,909,5,26,0,4,28,32,701,901,115,119,36,54,207,328,205,409,129,303,93,25,20,6,190,130,965,847,104,743,118,77,10,31
1964,Census Tract 905,237,1623,7,28,0,24,45,70,1497,213,1207,7,25,0,12,33,43,861,1103,119,173,90,85,203,308,268,553,165,428,129,43,51,16,248,111,835,712,362,350,123,34,20,69
3145,Census Tract 1702,193,2870,10,21,1,3,47,32,2294,185,2046,7,20,1,3,32,22,1357,1788,259,349,117,126,387,421,309,836,341,571,93,30,56,24,422,268,1780,1576,57,1519,204,105,1,98
3402,Census Tract 906,66,3248,11,17,0,8,52,57,2522,64,2393,9,16,0,6,34,41,1587,1815,211,329,155,185,384,411,387,887,453,793,233,76,90,23,470,195,1372,1076,622,454,296,72,30,194
3552,Census Tract 1203,1210,2089,14,110,5,33,91,115,3011,1121,1675,13,105,5,31,61,94,1797,1755,203,180,81,77,424,772,541,977,297,622,307,90,62,17,253,116,1986,1601,564,1037,385,179,37,169
1751,Census Tract 1205,463,1191,5,44,0,9,39,27,1485,457,943,4,38,0,9,34,26,942,809,98,96,38,34,259,415,233,470,108,282,95,30,40,10,147,74,1171,788,172,616,383,159,21,203
2269,Census Tract 1303,48,2167,3,3,0,12,36,19,1689,44,1607,2,3,0,8,25,14,1038,1231,194,195,88,103,222,285,316,615,251,489,169,73,65,19,255,119,1378,916,367,549,462,112,38,312
3269,Census Tract 1206,1082,1749,17,214,6,95,106,185,3087,1044,1643,17,208,5,85,85,162,1764,1505,63,50,27,42,326,714,455,1091,501,304,160,29,56,19,88,47,2037,1704,190,1514,333,211,16,106
2767,Census Tract 1002,18,2688,1,21,0,4,35,15,1810,14,1763,0,12,0,1,20,9,1081,1686,297,393,128,139,246,384,229,590,361,640,103,38,46,19,491,334,1235,1189,170,1019,46,18,7,21
3724,Census Tract 1504,46,3579,13,13,2,13,58,51,2987,41,2864,10,13,2,12,45,43,1579,2145,195,272,122,148,927,399,344,840,477,688,187,56,97,27,404,168,1637,1217,502,715,420,89,12,319
3253,Census Tract 2610,1155,1294,63,43,0,595,103,944,2457,1003,867,39,39,0,448,61,707,1653,1600,289,286,90,131,409,737,476,651,184,681,275,110,110,45,296,167,1370,1088,479,609,282,124,36,122
5073,Census Tract 2804.03,1300,3568,12,53,8,28,104,74,3955,1103,2709,10,43,7,21,62,56,2383,2690,326,423,186,183,554,816,657,1421,507,1263,643,242,126,58,494,269,2255,2130,999,1131,125,62,16,47
2870,Census Tract 104,2492,117,6,145,2,46,62,148,2684,2364,104,5,132,2,35,42,126,1467,1403,127,35,12,12,270,1097,465,561,291,496,395,86,39,15,62,19,1915,1663,792,871,252,119,36,97
2324,Census Tract 2503.03,1730,357,18,85,6,50,78,119,1814,1384,278,13,64,5,37,33,81,1140,1184,158,207,87,58,225,384,294,641,270,508,274,98,57,24,177,82,1059,962,568,394,97,24,19,54
778,Census Tract 2603.03,217,492,12,2,0,28,27,43,518,184,291,11,2,0,15,15,25,320,458,88,95,41,36,78,115,82,169,74,200,39,15,23,10,138,90,386,327,107,220,59,43,15,1
4619,Census Tract 2007.01,22,4538,10,6,0,5,38,30,3541,19,3483,8,5,0,5,21,21,2017,2602,246,422,185,225,411,504,424,1343,859,1138,323,83,149,46,666,250,2046,1790,1068,722,256,134,32,90
5817,Census Tract 2720.03,3936,1604,2,123,4,55,93,133,4004,2534,1264,2,101,3,45,55,98,2746,3071,470,722,304,317,508,661,677,1337,821,1286,952,472,76,27,258,109,2235,2109,1222,887,126,56,34,36
3782,Census Tract 702,111,3486,21,35,0,51,78,134,2511,102,2278,15,28,0,37,51,88,1744,2038,391,489,173,218,484,493,456,837,241,874,205,86,109,36,560,305,1583,1110,375,735,473,132,19,322
6045,Census Tract 2801.02,105,5785,23,13,0,36,83,95,4851,89,4642,20,12,0,27,61,64,2722,3323,312,412,220,250,577,568,649,1793,1264,1467,616,172,152,57,699,283,2644,2378,1422,956,266,95,27,144
4215,Census Tract 1512,81,4029,12,11,1,21,60,55,3210,76,3055,11,7,1,19,41,43,1927,2288,286,354,167,198,405,452,440,1281,632,893,278,92,105,27,510,193,2045,1646,648,998,399,127,58,214
2652,Census Tract 2609,2227,109,29,84,1,136,66,264,2389,2054,83,21,78,0,109,44,206,1285,1367,125,79,32,27,245,1053,352,503,236,493,317,77,67,23,109,34,1433,1281,742,539,152,59,28,65
1691,Census Tract 2004,44,1614,3,4,1,0,25,8,1223,36,1167,3,4,1,0,12,3,797,894,147,185,53,83,193,220,184,452,174,407,100,39,54,17,253,122,931,592,176,416,339,35,25,279
1951,Census Tract 2611,1698,84,24,53,5,31,56,127,1763,1566,64,20,50,5,24,34,97,990,961,95,52,20,21,196,750,335,326,156,374,268,72,45,12,61,18,1103,968,673,295,135,33,42,60
1696,Census Tract 1507.01,17,1640,2,2,0,10,25,18,1310,16,1259,1,2,0,10,22,18,746,950,98,157,59,72,152,214,206,462,276,418,139,39,46,15,233,88,816,645,432,213,171,44,18,109
3142,Census Tract 2005,1120,1767,10,51,1,90,103,143,2177,877,1157,6,38,1,53,45,88,1533,1609,260,397,140,168,321,405,400,782,269,661,252,109,95,33,314,193,1545,1083,339,744,462,90,24,348
4050,Census Tract 2501.03,2911,898,17,73,5,41,105,136,3368,2462,735,15,63,3,33,57,93,1823,2227,214,243,127,98,309,620,482,949,1008,810,498,178,107,48,205,93,1921,1815,962,853,106,41,25,40
1846,Census Tract 2001,41,1750,9,2,0,4,40,30,1419,35,1344,8,2,0,3,27,24,883,963,134,149,61,83,226,206,202,572,213,438,106,20,51,13,281,105,925,625,251,374,300,85,6,209
4933,Census Tract 2603.01,343,4486,11,15,0,26,52,59,3524,312,3144,10,14,0,17,27,38,2221,2712,370,531,239,269,534,669,638,1354,329,1195,408,161,104,44,683,349,1908,1709,1149,560,199,60,29,110
2713,Census Tract 2006,740,1884,10,19,0,13,47,62,2021,591,1369,8,15,0,11,27,42,1286,1427,190,270,100,132,274,365,357,728,297,660,245,81,96,36,319,138,1195,1006,564,442,189,46,19,124
3149,Census Tract 907,43,3039,5,10,0,8,44,34,2309,42,2226,5,9,0,6,21,24,1438,1711,237,334,120,149,354,422,350,833,350,742,212,63,99,37,431,181,1483,1103,520,583,380,124,28,228
1431,Census Tract 1308.06,977,350,11,31,0,14,48,56,1264,880,310,7,26,0,10,31,42,670,761,62,64,18,23,74,318,235,357,280,270,176,49,30,9,64,22,741,628,368,260,113,87,5,21
2333,Census Tract 2707.02,620,1599,10,23,0,16,65,65,1725,515,1130,9,20,0,12,39,49,1076,1257,206,245,68,89,251,347,321,605,201,586,285,120,61,33,240,152,1083,953,443,510,130,73,14,43
977,Census Tract 1802,56,906,3,2,0,2,8,6,826,55,758,3,2,0,2,6,6,510,467,51,51,21,28,82,100,112,368,164,160,51,12,24,9,85,35,584,400,111,289,184,41,5,138
1895,Census Tract 1901,43,1754,15,2,0,51,30,77,1382,36,1284,12,2,0,35,13,54,881,1014,177,185,69,82,203,244,229,526,180,432,97,27,58,28,277,141,1248,748,218,530,500,115,18,367
4952,Census Tract 2708.05,551,4234,24,32,2,22,87,79,3805,475,3212,18,24,2,18,56,55,2238,2714,322,428,181,216,464,661,612,1473,595,1272,585,184,103,47,584,277,2210,1968,1393,575,242,91,37,114
2969,Census Tract 2002,37,2880,10,6,1,3,32,12,2236,31,2169,7,5,1,1,22,10,1421,1548,189,271,127,146,323,309,331,783,490,645,184,48,97,22,364,166,1442,1064,476,588,378,38,20,320
2359,Census Tract 1507.02,34,2311,3,1,1,1,8,11,1810,32,1764,3,1,1,1,8,9,1050,1309,117,196,110,126,223,260,271,685,371,574,182,51,55,23,337,134,1088,925,616,309,163,64,19,80
3229,Census Tract 2704.02,1432,1640,6,45,0,21,85,50,2499,1251,1152,5,45,0,14,32,33,1511,1718,179,271,110,170,278,442,439,987,353,782,446,173,70,28,266,133,1414,1275,976,299,139,28,42,69
2590,Census Tract 2502.06,2016,343,19,59,4,79,70,128,2040,1657,243,11,43,3,55,28,81,1275,1315,160,213,98,79,234,422,340,725,319,634,390,135,66,32,178,73,1087,1008,731,277,79,13,20,46
6572,Census Tract 1511,79,6361,12,22,2,30,66,79,5198,64,5027,9,21,2,22,53,61,2836,3736,364,528,225,257,589,730,736,1913,1230,1676,675,209,195,65,806,322,2972,2743,1642,1101,229,73,34,122
4006,Census Tract 401,1985,985,11,835,6,61,123,225,3832,1938,916,10,798,6,59,105,214,2039,1967,97,40,21,16,840,1833,479,573,107,415,309,74,37,14,69,30,3060,2465,137,2328,595,325,133,137
1698,Census Tract 2701.01,754,842,6,19,0,12,65,39,1289,640,586,3,16,0,9,35,31,791,907,115,139,66,89,146,250,233,505,155,422,262,102,26,10,134,61,718,642,510,132,76,18,15,43
1914,Census Tract 2702,1017,785,13,19,0,23,57,63,1509,846,599,6,16,0,13,29,40,901,1013,109,147,59,90,174,282,238,638,177,436,267,101,34,16,135,68,817,748,545,203,69,19,15,35
1920,Census Tract 1902,604,1068,20,34,0,98,96,175,1447,521,768,10,31,0,61,56,112,994,926,134,172,82,85,202,322,301,500,122,371,134,61,69,22,168,93,1165,740,261,479,425,87,55,283
4183,Census Tract 2715.01,3421,429,8,170,3,30,122,115,3291,2723,353,6,137,3,19,50,74,1914,2269,281,354,140,117,171,642,631,1273,574,1003,843,365,40,18,120,71,1955,1876,1222,654,79,31,22,26
2130,Census Tract 2101,844,1127,8,67,1,25,58,66,1738,780,843,7,62,1,14,31,47,1043,1087,153,131,45,63,232,586,302,489,129,448,195,59,57,24,196,97,1233,961,498,463,272,96,50,126
1909,Census Tract 1803,588,1205,6,45,1,22,42,55,1555,550,906,6,45,1,17,30,40,981,928,101,134,53,66,216,436,311,487,105,350,133,50,55,11,162,95,1189,885,227,658,304,93,31,180
2200,Census Tract 1801,28,2135,5,2,0,7,23,24,1407,20,1369,1,2,0,4,11,12,912,1288,223,329,116,125,237,313,189,462,206,534,69,28,42,21,423,275,1082,896,111,785,186,49,0,137
3211,Census Tract 1501,35,3126,2,8,0,3,37,18,2241,31,2180,2,6,0,3,19,12,1405,1806,277,378,146,169,362,412,378,860,229,763,139,53,90,38,534,299,1480,1198,406,792,282,53,12,217
1836,Census Tract 2003,474,1237,4,49,0,26,46,49,1264,372,823,4,36,0,12,17,24,871,965,167,222,84,99,225,247,223,469,100,381,95,44,58,29,228,119,963,573,146,427,390,94,22,274
5468,Census Tract 2505,2975,1908,38,114,0,137,296,348,4033,2407,1282,32,94,0,87,131,224,2661,2807,537,565,165,168,598,941,713,1355,426,1271,548,204,184,90,539,322,2552,2105,718,1387,447,282,56,109
4025,Census Tract 2201,3060,603,12,233,5,33,79,126,3718,2887,513,12,215,5,27,59,112,1945,2059,151,106,19,31,449,1158,454,905,731,693,576,129,31,11,86,35,2725,2306,889,1417,419,135,180,104
1564,Census Tract 804,45,1483,1,1,0,2,32,18,1102,36,1049,1,1,0,2,13,9,657,907,159,162,68,73,181,198,218,340,165,324,69,29,35,11,220,119,810,534,160,374,276,77,8,191
3565,Census Tract 2804.01,501,2967,4,22,1,10,60,42,2785,418,2301,4,15,1,8,38,24,1590,1975,217,279,138,146,316,394,464,1077,534,924,479,177,72,24,373,166,1632,1543,993,550,89,38,18,33
3281,Census Tract 1608.01,25,3188,5,2,0,2,59,26,2473,25,2398,4,2,0,2,42,19,1411,1870,247,263,150,148,404,415,333,855,466,865,262,76,82,30,521,238,1356,1226,740,486,130,59,10,61
2430,Census Tract 2503.01,212,2139,11,10,0,8,50,34,1713,179,1479,11,10,0,6,28,26,1078,1352,203,295,103,116,267,316,267,609,254,611,154,49,62,23,395,205,1111,874,360,514,237,33,12,192
3045,Census Tract 1608.02,25,2963,16,1,4,8,28,22,2288,18,2230,14,1,4,1,20,8,1353,1692,186,282,131,158,350,316,318,809,495,762,255,59,72,19,435,172,1223,1027,689,338,196,44,25,127
2898,Census Tract 2707.03,1728,1011,6,30,1,62,60,169,2307,1472,723,5,24,1,48,34,122,1415,1483,201,205,88,97,271,450,430,812,344,711,461,194,82,34,168,66,1334,1199,887,312,135,54,28,53
2564,Census Tract 2402,2284,103,3,108,0,16,50,80,2319,2088,80,1,103,0,14,33,58,1289,1275,156,62,12,15,208,774,421,670,246,580,496,118,31,11,53,15,1608,1358,911,447,250,36,100,114
4361,Census Tract 2705.02,1974,2135,26,64,5,32,125,124,3390,1709,1518,18,54,3,23,65,80,2056,2305,231,374,150,216,334,622,654,1287,493,1074,597,234,107,44,370,180,1982,1807,1271,536,175,43,45,87
3065,Census Tract 301,404,2365,25,85,0,119,67,220,2114,374,1500,18,73,0,108,41,182,1452,1613,292,404,131,124,316,583,358,705,152,631,117,51,52,17,462,351,1328,1170,177,993,158,80,14,64
2087,Census Tract 202,1204,310,11,133,3,319,107,700,1773,1068,264,10,107,3,238,83,527,1134,953,134,108,34,38,314,631,357,349,122,341,193,78,67,22,81,40,1076,859,403,456,217,93,43,81
22,Census Tract 2506,17,1,0,0,0,4,0,5,20,17,1,0,0,0,2,0,3,10,12,0,1,1,0,0,3,4,9,4,4,3,1,0,0,1,0,13,10,6,4,3,3,0,0
3265,Census Tract 602,1209,1634,38,70,1,194,119,585,2425,1043,1074,29,53,1,155,70,435,1592,1673,284,325,120,111,394,830,430,592,179,663,293,128,83,27,287,164,1516,1132,530,602,384,152,64,168
3344,Census Tract 1509,71,3213,11,6,1,8,34,35,2631,54,2536,7,4,1,8,21,25,1544,1800,195,239,132,147,349,337,377,1016,552,830,331,90,97,32,402,137,1557,1277,803,474,280,97,40,143
3344,Census Tract 203,2824,148,15,171,3,82,101,243,3176,2702,142,15,169,3,67,78,196,1682,1662,89,45,11,23,317,1309,511,725,314,552,436,79,49,11,67,18,2529,2062,627,1435,467,247,46,174
2647,Census Tract 2608,1352,477,40,51,10,593,124,1006,2065,1186,288,36,50,10,418,77,728,1459,1188,246,187,74,75,324,537,385,541,278,516,226,93,111,40,179,87,1206,947,373,574,259,96,44,119
3749,Census Tract 2701.02,920,2676,10,20,1,27,95,65,2846,834,1909,9,20,1,18,55,41,1748,2001,217,345,174,167,362,453,601,1113,317,907,514,207,88,36,305,143,1604,1406,1126,280,198,41,44,113
2059,Census Tract 2502.07,60,1905,7,12,0,34,41,66,1477,49,1361,6,9,0,32,20,50,871,1188,236,219,62,65,304,339,194,464,176,503,128,45,59,27,316,191,937,864,140,724,73,59,2,12
2342,Census Tract 302,1265,789,8,165,0,53,62,147,1997,1188,554,7,157,0,51,40,121,1192,1171,147,134,30,34,218,714,354,527,205,447,252,70,31,13,164,88,1459,1135,432,703,324,132,45,147
2525,Census Tract 1604,24,2458,2,9,0,5,27,9,1892,20,1836,2,8,0,4,22,8,1219,1306,152,246,100,135,315,282,302,726,267,563,129,35,85,22,349,141,1727,862,331,531,865,61,26,778
3626,Census Tract 2501.01,311,3188,7,29,0,20,71,79,2680,291,2293,6,28,0,13,49,51,1593,2033,252,367,168,159,376,564,471,1027,242,949,390,157,91,44,468,265,1516,1403,854,549,113,74,13,26
1574,Census Tract 2804.02,19,1520,9,3,0,5,18,23,1284,16,1241,9,2,0,4,12,20,714,860,69,106,50,65,132,132,195,446,379,427,170,36,50,9,207,68,676,622,496,126,54,17,12,25
2508,Census Tract 801.02,56,2399,2,5,0,10,36,24,1740,55,1652,1,5,0,6,21,18,1162,1346,181,311,134,142,311,331,312,572,214,594,171,59,56,24,367,200,929,783,409,374,146,61,18,67
838,Census Tract 402,384,239,3,169,0,6,37,21,819,381,223,3,169,0,6,37,21,424,414,6,6,3,4,278,350,73,109,9,25,15,2,2,2,8,4,455,364,4,360,91,49,0,42
2141,Census Tract 2403,1968,67,0,64,2,11,29,63,1969,1808,65,0,61,2,9,24,52,1105,1036,97,60,8,7,320,843,326,339,141,346,291,95,20,3,35,10,1226,1114,585,529,112,52,28,32
2282,Census Tract 2008,262,1940,14,11,1,5,49,27,1679,229,1391,13,10,1,5,30,21,1061,1221,163,209,113,118,260,291,295,651,182,541,198,73,67,26,276,145,1024,842,449,393,182,52,17,113
4603,Census Tract 2709.03,386,4017,6,39,3,60,92,118,4020,351,3513,4,36,3,46,67,92,2103,2500,158,202,105,118,2017,456,321,862,364,685,321,105,71,29,293,124,1411,1299,745,554,112,56,18,38
3226,Census Tract 2801.01,170,2897,9,31,2,54,63,122,2549,147,2281,9,24,2,39,47,85,1450,1776,183,238,117,139,326,438,402,975,408,821,341,107,76,22,404,151,1452,1329,715,614,123,80,6,37
3823,Census Tract 2504.01,2422,901,22,107,0,189,182,547,2853,1954,606,14,83,0,124,72,383,1984,1839,349,354,128,139,377,668,544,954,310,841,439,189,131,68,271,151,1639,1373,624,749,266,134,55,77
2033,Census Tract 1202.01,1429,343,5,167,2,22,65,80,1785,1270,279,5,164,2,18,47,74,1028,1005,104,96,23,25,398,472,318,435,162,339,237,96,28,11,74,33,1090,945,510,435,145,79,21,45
2571,Census Tract 2404,2373,57,4,76,0,13,48,73,2322,2162,43,4,70,0,9,34,62,1262,1309,136,66,19,28,289,1009,374,435,215,505,387,113,38,10,80,24,1417,1280,810,470,137,51,37,49
2910,Census Tract 2501.02,241,2538,12,28,2,35,54,57,2170,217,1870,10,23,2,22,26,35,1312,1598,208,280,127,125,358,454,401,752,205,752,288,106,65,30,399,207,1294,1138,588,550,156,81,5,70
4689,Census Tract 2502.05,1450,2565,12,133,3,422,104,896,3312,1116,1737,10,115,2,285,47,589,2369,2320,415,547,197,218,508,829,605,1026,344,1097,487,224,164,87,446,261,1791,1625,757,868,166,87,22,57
2993,Census Tract 2718.02,39,2891,3,1,0,14,45,42,2180,34,2100,3,1,0,12,30,30,1400,1593,235,324,121,133,366,352,331,780,351,691,207,59,89,40,395,178,1389,963,472,491,426,102,30,294
3222,Census Tract 601,1104,1543,59,61,8,317,130,818,2389,947,995,47,59,8,244,89,640,1652,1570,288,319,107,119,401,825,445,562,156,645,280,114,79,40,286,150,1298,1001,500,501,297,119,52,126
2208,Census Tract 103,1963,94,0,64,0,55,32,154,2015,1819,73,0,57,0,43,23,116,1138,1070,105,55,12,21,269,941,294,352,159,358,267,74,32,8,59,21,1330,1117,714,403,213,56,68,89
3009,Census Tract 102,2269,292,27,72,0,239,110,489,2593,2064,202,18,59,0,170,80,356,1523,1486,196,133,52,35,270,1054,434,557,278,591,397,134,75,28,119,41,1564,1369,980,389,195,55,30,110
5116,Census Tract 2602.01,629,4170,19,124,1,49,124,122,3920,573,3152,13,87,1,24,70,68,2393,2723,400,446,148,202,658,817,697,1348,400,1108,445,182,138,68,525,337,2395,2151,710,1441,244,138,29,77
4754,Census Tract 2709.02,272,4369,10,17,0,16,70,58,3919,269,3552,10,17,0,16,55,50,2031,2723,232,305,136,162,1294,438,424,1118,645,1005,498,108,70,22,437,150,1484,1417,1220,197,67,18,11,38
3022,Census Tract 101,2742,125,8,66,4,36,41,102,2827,2584,114,7,63,3,26,30,86,1406,1616,103,47,24,21,311,1137,359,584,436,520,403,89,38,9,79,21,1728,1530,1064,466,198,55,54,89
4043,Census Tract 2709.01,81,3860,7,18,0,21,56,50,3140,57,3007,5,16,0,18,37,41,1799,2244,261,283,141,218,534,508,469,995,634,1065,426,109,92,38,547,242,1759,1628,889,739,131,67,22,42
4992,Census Tract 2708.02,202,4617,7,33,4,21,108,81,3858,195,3539,7,28,2,14,73,56,2210,2782,311,426,212,185,679,690,571,1482,436,1254,525,175,118,43,611,308,2231,2060,1043,1017,171,111,22,38
3230,Census Tract 2604.01,2525,95,48,14,8,392,148,816,2448,2007,61,28,13,6,264,69,500,1518,1712,246,315,101,120,255,465,420,863,445,820,402,155,106,45,312,147,1431,1355,900,455,76,24,12,40
4795,Census Tract 2606.05,3090,821,81,105,8,515,175,1003,3859,2653,594,62,77,5,369,99,692,2334,2461,329,335,105,167,492,791,597,1275,704,1088,617,197,139,59,332,145,2078,1927,1050,877,151,77,28,46
4930,Census Tract 2504.02,2002,2383,22,32,2,267,222,495,3294,1547,1432,13,27,2,185,88,329,2326,2604,570,656,203,207,600,867,531,1028,268,1147,419,204,151,81,577,379,2162,1716,567,1149,446,285,46,115
3175,Census Tract 2718.01,40,3056,3,10,0,12,54,19,2460,38,2367,3,6,0,9,37,16,1452,1723,178,277,118,142,279,336,378,957,510,746,274,75,88,31,384,162,1564,1317,656,661,247,63,27,157
2791,Census Tract 2713,2213,200,2,308,0,11,57,60,2181,1757,161,2,224,0,11,26,49,1398,1393,139,244,120,107,168,316,391,876,430,696,601,268,20,10,75,41,1222,1144,746,398,78,25,17,36
1953,Census Tract 2301,1197,632,10,46,0,34,34,63,1612,1100,421,5,41,0,23,22,40,1026,927,132,112,40,57,333,682,218,277,102,336,162,58,35,15,139,92,941,868,342,526,73,36,14,23
2515,Census Tract 1602,27,2427,5,8,0,8,40,9,1821,22,1750,3,7,0,6,33,8,1110,1405,220,243,104,127,341,322,284,654,220,573,126,48,51,19,396,211,1343,945,359,586,398,77,6,315
3509,Census Tract 1606,25,3413,12,11,0,8,40,52,2650,22,2585,9,10,0,3,21,27,1596,1913,259,300,134,166,412,355,355,990,538,825,210,59,117,40,498,205,1749,1347,566,781,402,120,33,249
3881,Census Tract 801.01,929,2809,15,41,0,20,67,71,2811,790,1929,11,35,0,14,32,42,1802,2079,275,421,180,194,413,508,520,1058,312,957,433,158,77,34,447,247,1472,1312,976,336,160,65,27,68
1800,Census Tract 603,685,863,34,43,6,130,39,231,1450,606,643,28,42,4,105,22,179,869,931,127,105,57,61,213,459,309,357,112,378,158,57,41,16,179,77,934,699,316,383,235,68,46,121
2853,Census Tract 1402,101,2689,4,5,2,10,42,46,1763,93,1628,3,5,2,9,23,33,1276,1577,394,462,118,116,369,453,273,532,136,648,108,52,64,28,476,337,1432,1017,156,861,415,124,18,273
2388,Census Tract 1601,39,2293,2,13,0,3,38,33,1908,37,1830,1,12,0,3,25,26,1169,1219,151,167,74,88,236,285,288,726,373,452,114,37,87,23,251,127,1556,1091,273,818,465,116,27,322
1884,Census Tract 201,1465,184,14,59,0,119,43,239,1669,1350,135,12,56,0,83,33,181,947,937,101,65,24,25,235,680,293,337,124,338,241,83,28,4,69,28,1092,916,468,448,176,51,50,75
1996,Census Tract 2604.04,719,590,40,78,2,478,89,737,1510,592,394,32,68,1,374,49,550,1089,907,167,162,79,78,260,417,320,398,115,387,159,81,74,22,154,87,812,620,257,363,192,76,27,89
2478,Census Tract 1503,20,2419,3,11,2,0,23,15,1826,19,1781,1,9,2,0,14,9,1117,1361,174,243,116,119,271,301,263,687,304,560,150,37,67,23,343,148,1186,831,444,387,355,52,18,285
2699,Census Tract 1502,28,2628,6,10,0,4,23,24,1978,27,1920,3,9,0,3,16,17,1223,1476,212,269,99,141,324,352,328,705,269,603,144,47,79,28,380,193,1421,964,410,554,457,71,12,374
2333,Census Tract 1403,105,2152,6,16,2,15,37,33,1772,102,1606,6,16,1,11,30,24,1135,1198,148,204,98,111,264,305,290,673,240,475,117,38,77,29,281,146,1583,941,285,656,642,100,28,514
5615,Census Tract 1607,40,5448,13,4,0,17,93,46,3923,33,3805,11,4,0,15,55,31,2567,3048,484,638,278,292,612,734,592,1350,635,1288,340,117,164,45,784,396,2277,1877,927,950,400,130,33,237
5937,Census Tract 2602.02,523,4973,19,273,2,28,119,76,4509,430,3757,18,201,2,22,79,52,2706,3231,411,563,215,239,776,950,734,1642,407,1452,523,200,160,64,769,426,2767,2523,1019,1504,244,127,20,97
2011,Census Tract 1703,24,1923,8,18,0,7,31,31,1499,22,1426,3,17,0,6,25,23,853,1158,150,195,79,88,229,232,233,474,331,428,92,37,42,22,294,169,1244,905,248,657,339,26,8,305
3730,Census Tract 2714,2904,301,14,393,1,25,92,115,2976,2309,256,6,344,1,16,44,88,1790,1940,178,351,118,107,295,464,542,1134,541,909,778,349,32,14,99,52,1760,1629,1063,566,131,55,14,62
985,Census Tract 1308.05,162,750,5,35,0,4,29,16,837,131,652,4,28,0,2,20,14,398,587,47,55,21,25,46,102,142,287,260,188,119,48,11,6,58,26,611,590,304,286,21,10,3,8
2937,Census Tract 803.02,18,2877,7,4,0,10,21,32,2294,17,2245,7,2,0,7,16,25,1320,1617,170,240,101,132,277,283,332,796,606,722,211,56,76,20,435,160,1326,1182,653,529,144,56,7,81
4875,Census Tract 2605.01,3368,368,26,173,2,786,152,1220,3904,2835,277,19,136,2,540,95,838,2453,2422,373,324,128,146,462,961,603,1146,732,1107,662,270,155,62,290,123,2183,1927,1120,807,256,101,45,110
1558,Census Tract 1603,28,1512,3,0,0,3,12,16,1216,21,1182,3,0,0,3,7,10,684,874,105,142,49,46,139,168,165,342,402,260,72,18,33,10,155,70,831,481,139,342,350,32,6,312
2011,Census Tract 1304,46,1905,3,3,0,10,44,27,1493,41,1419,1,3,0,4,25,15,942,1069,157,158,94,109,222,229,248,607,187,414,119,38,58,26,237,110,1131,768,301,467,363,84,12,267
4523,Census Tract 2716,103,4313,28,13,0,8,58,39,3342,95,3169,21,6,0,7,44,29,1990,2533,393,411,166,211,528,622,520,1166,506,1059,308,99,119,46,632,341,1907,1565,650,915,342,86,13,243
5648,Census Tract 2717,272,5253,12,15,0,25,71,70,4447,260,4098,11,11,0,19,48,55,2606,3042,330,449,204,218,497,578,592,1598,1182,1251,423,100,151,51,677,280,2533,2184,1068,1116,349,102,21,226
4546,Census Tract 1513,38,4428,10,5,1,14,50,31,3302,32,3209,9,4,1,8,39,22,2120,2426,404,439,172,229,546,569,539,1131,517,1092,287,78,131,53,674,357,2042,1528,665,863,514,145,46,323
3373,Census Tract 2102,1393,1608,10,226,0,46,90,123,2609,1182,1144,9,187,0,35,52,95,1700,1673,241,293,100,130,392,687,492,720,318,705,300,119,89,29,316,177,1693,1312,623,689,381,67,62,252
856,Census Tract 2715.03,725,85,0,25,1,5,15,15,824,704,80,0,22,1,5,12,15,344,512,9,18,4,1,17,89,60,272,386,169,143,18,3,1,23,5,729,625,497,128,104,18,20,66
1183,Census Tract 604,266,816,7,59,2,12,21,47,1011,240,686,6,50,2,11,16,36,543,640,56,54,32,30,103,213,149,313,233,238,104,27,20,9,114,44,735,601,225,376,134,74,9,51
1465,Census Tract 2606.04,459,823,8,14,0,110,51,244,954,374,463,6,14,0,79,18,164,638,827,172,209,67,63,159,243,159,297,96,354,87,36,32,8,235,162,573,525,127,398,48,19,13,16
4125,Census Tract 2502.04,21,4057,5,0,1,9,32,30,2370,15,2329,3,0,1,5,17,17,1620,2505,476,803,254,222,406,586,360,710,308,1024,115,45,62,26,847,617,1592,1504,120,1384,88,32,5,51
1241,Census Tract 704,18,1200,1,12,0,1,9,11,880,18,842,1,11,0,1,7,6,517,724,123,146,50,42,148,154,107,276,195,285,67,16,22,10,196,126,582,525,72,453,57,17,0,40
2172,Census Tract 2302,1967,97,2,49,0,20,37,75,2015,1859,68,2,44,0,16,26,65,1147,1025,74,40,17,26,399,893,290,296,137,319,239,66,45,13,35,13,1226,1078,554,524,148,61,37,50
2699,Census Tract 2401,2519,45,8,72,1,15,39,52,2393,2247,38,8,65,1,13,21,44,1379,1320,173,72,27,34,228,911,417,610,227,589,466,147,48,13,75,20,1632,1297,939,358,335,54,180,101
6224,Census Tract 1202.02,3681,485,9,1709,3,91,246,345,6117,3635,467,9,1677,3,90,236,341,3292,2932,56,20,11,20,4226,1015,311,414,151,285,225,48,22,3,38,20,2536,2257,278,1979,279,207,11,61
4367,Census Tract 2720.07,1636,2030,27,150,28,406,90,623,3325,1195,1622,21,107,18,303,59,461,2027,2340,363,352,147,180,433,631,495,1147,619,988,549,244,121,38,318,159,2034,1862,610,1252,172,132,15,25
3429,Census Tract 2720.05,2690,524,2,134,0,38,41,81,2392,1790,436,2,108,0,27,29,60,1545,1884,328,400,158,151,309,493,318,645,627,765,619,303,37,15,109,58,1430,1341,687,654,89,48,13,28
2084,Census Tract 803.01,21,2032,8,8,0,0,15,24,1537,18,1497,5,8,0,0,9,19,971,1113,165,203,67,112,222,232,235,571,277,509,129,28,84,19,296,127,1033,700,319,381,333,97,14,222
1724,Census Tract 105,1444,85,6,53,1,85,50,185,1542,1317,74,5,46,1,70,29,142,850,874,100,50,16,16,157,565,331,352,137,321,227,78,37,14,57,21,1008,880,479,401,128,40,31,57
1136,Census Tract 2303,1005,72,3,23,1,7,25,41,1014,909,57,3,22,1,7,15,33,622,514,47,47,15,13,147,432,146,209,80,192,128,26,22,8,42,15,616,530,320,210,86,32,17,37
6094,Census Tract 2603.02,443,5511,9,31,0,24,76,59,4618,414,4098,5,27,0,21,53,44,2706,3388,381,534,268,293,643,801,799,1846,529,1604,587,171,158,59,859,413,2589,2370,1720,650,219,65,40,114
1585,Census Tract 802,20,1518,3,7,0,7,30,17,1174,19,1131,1,5,0,1,17,9,719,866,124,150,68,69,169,163,161,409,272,350,86,21,54,18,210,88,775,570,249,321,205,69,8,128
2018,Census Tract 2502.03,62,1891,4,8,0,17,36,35,1427,47,1341,3,7,0,12,17,24,852,1166,221,206,80,84,286,287,185,466,203,531,133,52,64,27,334,198,855,777,261,516,78,34,5,39
1042,Census Tract 703,51,951,0,11,0,22,7,40,754,46,679,0,10,0,14,5,27,499,543,107,104,35,42,147,132,120,273,82,229,54,22,42,13,133,70,604,329,113,216,275,28,12,235
2469,Census Tract 806,48,2377,11,4,2,0,27,6,1835,34,1773,6,4,2,0,16,3,1150,1319,209,216,88,121,253,264,297,705,316,554,144,47,72,30,338,150,1407,887,378,509,520,63,13,444
3773,Census Tract 2719,802,2830,12,21,0,35,73,65,2996,637,2256,7,18,0,27,51,38,1700,2073,186,290,149,152,304,356,450,1112,774,914,485,158,79,36,350,129,1668,1519,1013,506,149,47,24,78
3788,Census Tract 2720.04,2939,550,8,224,7,17,43,79,3058,2389,434,5,176,7,13,34,62,1665,2123,386,195,70,79,459,706,246,593,1054,951,788,313,39,18,124,66,1966,1891,690,1201,75,21,20,34
3548,Census Tract 2720.06,1771,1694,5,8,3,24,43,45,2762,1342,1361,4,8,3,16,28,31,1606,1942,256,285,119,126,325,386,302,884,865,800,488,190,71,30,241,107,1816,1704,620,1084,112,43,26,43
3549,Census Tract 2805,273,3098,4,111,2,15,46,97,2975,271,2530,4,111,2,15,42,94,1842,1707,161,215,67,131,590,591,555,931,308,434,72,26,27,7,335,191,1065,1001,39,962,64,30,2,32
1575,Census Tract 2604.03,57,1463,2,10,0,22,21,28,1160,48,1082,2,10,0,10,8,19,702,873,140,152,62,61,198,277,198,385,102,376,153,56,40,20,183,112,754,651,156,495,103,75,3,25
3412,Census Tract 1506,33,3287,6,4,2,8,72,39,2541,28,2462,4,4,2,6,35,21,1590,1822,237,334,132,168,406,357,391,954,433,740,202,60,98,21,440,199,1560,1204,550,654,356,134,39,183
1281,Census Tract 808,15,1249,1,2,0,1,13,4,839,14,812,1,2,0,1,9,1,560,721,150,168,53,71,144,187,135,281,92,308,52,24,28,9,228,150,831,476,135,341,355,88,10,257
4245,Census Tract 1605,22,4125,10,5,0,16,67,34,3284,21,3187,10,5,0,8,53,23,1913,2332,259,351,152,199,425,471,478,1342,568,984,317,89,130,38,537,201,1885,1634,905,729,251,70,10,171
4251,Census Tract 901,420,3685,21,38,3,29,55,63,3271,378,2782,19,31,1,23,37,43,1902,2349,283,372,149,176,393,627,532,1198,521,1000,394,123,104,28,502,214,1883,1672,984,688,211,121,28,62
2648,Census Tract 2604.02,156,2367,18,19,2,19,67,50,1897,139,1676,12,16,1,10,43,32,1177,1471,209,299,126,117,327,467,345,597,161,630,232,100,54,33,344,211,1335,1086,357,729,249,99,12,138
2260,Census Tract 2607,1449,216,27,31,10,435,92,814,1793,1225,136,19,28,5,323,57,576,1202,1058,180,167,72,48,223,555,290,458,267,487,294,111,66,21,127,66,951,810,380,430,141,79,26,36
